code,market cap,type,issue date,ter,issuer,cu
069500,"6조7,435억원","국내주식형, 대표지수",2002년 10월 14일,연0.150%,삼성자산운용,50000
069660,"3,484억원","국내주식형, 대표지수",2002년 10월 14일,연0.130%,키움투자자산운용,50000
091160,"7,043억원","국내주식형, 섹터",2006년 06월 27일,연0.450%,삼성자산운용,50000
091170,"3,485억원","국내주식형, 섹터",2006년 06월 27일,연0.300%,삼성자산운용,50000
091180,"6,429억원","국내주식형, 섹터",2006년 06월 27일,연0.450%,삼성자산운용,50000
091220,114억원,"국내주식형, 섹터",2006년 06월 27일,연0.460%,미래에셋자산운용,20000
091230,"2,318억원","국내주식형, 섹터",2006년 06월 27일,연0.460%,미래에셋자산운용,20000
098560,33억원,"국내주식형, 섹터",2007년 09월 07일,연0.460%,미래에셋자산운용,20000
099140,546억원,"해외주식형, 시장대표",2007년 10월 10일,연0.120%,삼성자산운용,50000
100910,139억원,"국내주식형, 대표지수",2008년 01월 23일,연0.230%,키움투자자산운용,300000
101280,406억원,"해외주식형, 시장대표",2008년 02월 20일,연0.370%,삼성자산운용,20000
102110,"2조5,001억원","국내주식형, 대표지수",2008년 04월 03일,연0.050%,미래에셋자산운용,50000
102780,"1조2,639억원","국내주식형, 그룹",2008년 05월 21일,연0.220%,삼성자산운용,100000
102960,118억원,"국내주식형, 섹터",2008년 05월 29일,연0.450%,삼성자산운용,20000
102970,441억원,"국내주식형, 섹터",2008년 05월 29일,연0.450%,삼성자산운용,50000
104520,64억원,"국내주식형, 시장테마",2008년 07월 29일,연0.400%,키움투자자산운용,100000
104530,118억원,"국내주식형, 시장테마",2008년 07월 29일,연0.400%,키움투자자산운용,50000
105010,56억원,"해외주식형, 시장대표",2008년 08월 27일,연0.490%,미래에셋자산운용,100000
105190,"4,654억원","국내주식형, 대표지수",2008년 09월 25일,연0.090%,한국투자신탁운용,50000
105780,52억원,"국내주식형, 그룹",2008년 10월 22일,연0.400%,케이비자산운용,200000
108450,425억원,"국내주식형, 그룹",2009년 02월 03일,연0.150%,한국투자신탁운용,100000
108590,94억원,"국내주식형, 대표지수",2009년 01월 23일,연0.325%,유리에셋,50000
114100,334억원,"국내채권형, 일반",2009년 07월 29일,연0.115%,케이비자산운용,1000
114260,"3,846억원","국내채권형, 일반",2009년 07월 29일,연0.150%,삼성자산운용,2000
114460,184억원,"국내채권형, 일반",2009년 07월 31일,연0.150%,한국투자신탁운용,30000
114470,163억원,"국내채권형, 일반",2009년 07월 31일,연0.050%,키움투자자산운용,30000
114800,"7,458억원","국내파생, 인버스",2009년 09월 16일,연0.600%,삼성자산운용,100000
114820,673억원,"국내채권형, 일반",2009년 08월 27일,연0.150%,미래에셋자산운용,1000
117460,205억원,"국내주식형, 섹터",2009년 10월 12일,연0.450%,삼성자산운용,70000
117680,229억원,"국내주식형, 섹터",2009년 10월 30일,연0.450%,삼성자산운용,70000
117690,61억원,"해외주식형, 시장대표",2009년 10월 21일,연0.400%,미래에셋자산운용,50000
117700,219억원,"국내주식형, 섹터",2009년 10월 30일,연0.450%,삼성자산운용,100000
122090,132억원,"국내주식형, 대표지수",2010년 01월 07일,연0.330%,한화자산운용,30000
122260,414억원,"국내채권형, 일반",2010년 01월 14일,연0.050%,키움투자자산운용,10000
122630,"1조8,832억원","국내파생, 레버리지",2010년 02월 22일,연0.640%,삼성자산운용,50000
123310,393억원,"국내파생, 인버스",2010년 03월 29일,연0.022%,미래에셋자산운용,100000
123320,401억원,"국내파생, 레버리지",2010년 04월 09일,연0.022%,미래에셋자산운용,100000
130680,244억원,해외상품,2010년 08월 02일,연0.690%,미래에셋자산운용,50000
130730,"1,158억원","국내채권형, 일반",2010년 07월 29일,연0.050%,키움투자자산운용,1000
131890,90억원,"국내주식형, 그룹",2010년 09월 17일,연0.150%,한국투자신탁운용,100000
132030,"1,700억원",해외상품,2010년 10월 01일,연0.600%,삼성자산운용,100000
133690,"3조1,607억원","해외주식형, 시장대표",2010년 10월 18일,연0.070%,미래에셋자산운용,10000
136340,612억원,"국내채권형, 일반",2011년 04월 15일,연0.070%,케이비자산운용,1000
137610,152억원,해외상품,2011년 01월 11일,연0.690%,미래에셋자산운용,100000
138230,340억원,"해외통화, 파생",2011년 02월 24일,연0.370%,키움투자자산운용,10000
138520,229억원,"국내주식형, 그룹",2011년 03월 07일,연0.113%,미래에셋자산운용,20000
138530,118억원,"국내주식형, 그룹",2011년 03월 10일,연0.150%,미래에셋자산운용,20000
138540,681억원,"국내주식형, 그룹",2011년 03월 10일,연0.150%,미래에셋자산운용,20000
138910,119억원,해외상품,2011년 03월 15일,연0.600%,삼성자산운용,100000
138920,63억원,해외상품,2011년 03월 15일,연0.600%,삼성자산운용,100000
139220,166억원,"국내주식형, 섹터",2011년 04월 06일,연0.400%,미래에셋자산운용,20000
139230,980억원,"국내주식형, 섹터",2011년 04월 06일,연0.400%,미래에셋자산운용,20000
139240,93억원,"국내주식형, 섹터",2011년 04월 06일,연0.400%,미래에셋자산운용,20000
139250,193억원,"국내주식형, 섹터",2011년 04월 06일,연0.340%,미래에셋자산운용,20000
139260,"7,710억원","국내주식형, 섹터",2011년 04월 06일,연0.400%,미래에셋자산운용,20000
139270,127억원,"국내주식형, 섹터",2011년 04월 06일,연0.400%,미래에셋자산운용,20000
139280,606억원,"국내주식형, 섹터",2011년 04월 06일,연0.400%,미래에셋자산운용,20000
139290,61억원,"국내주식형, 섹터",2011년 04월 06일,연0.400%,미래에셋자산운용,20000
139310,36억원,해외상품,2011년 04월 08일,연0.690%,미래에셋자산운용,100000
139320,85억원,해외상품,2011년 04월 08일,연0.690%,미래에셋자산운용,50000
139660,88억원,"해외통화, 파생",2011년 04월 01일,연0.490%,키움투자자산운용,10000
140570,45억원,"국내주식형, 시장테마",2011년 04월 15일,연0.400%,케이비자산운용,100000
140580,58억원,"국내주식형, 시장테마",2011년 04월 15일,연0.400%,케이비자산운용,100000
140700,358억원,"국내주식형, 섹터",2011년 04월 26일,연0.450%,삼성자산운용,100000
140710,128억원,"국내주식형, 섹터",2011년 04월 26일,연0.450%,삼성자산운용,100000
140950,125억원,"국내주식형, 대표지수",2011년 05월 03일,연0.155%,교보악사자산운용,40000
143460,60억원,"국내주식형, 전략지수",2011년 06월 21일,연0.150%,한국투자신탁운용,100000
143850,"2,170억원","해외주식형, 시장대표",2011년 07월 18일,연0.230%,미래에셋자산운용,25000
143860,"2,621억원","국내주식형, 섹터",2011년 07월 18일,연0.400%,미래에셋자산운용,20000
144600,840억원,해외상품,2011년 07월 18일,연0.600%,삼성자산운용,100000
145670,26억원,"국내파생, 인버스",2011년 09월 08일,연0.150%,한국투자신탁운용,100000
145850,102억원,"국내주식형, 전략지수",2011년 09월 23일,연0.340%,유리에셋,50000
147970,74억원,"국내주식형, 전략지수",2011년 10월 26일,연0.230%,미래에셋자산운용,20000
148020,"1조2,920억원","국내주식형, 대표지수",2011년 10월 20일,연0.017%,케이비자산운용,50000
148070,"5,143억원","국내채권형, 일반",2011년 10월 20일,연0.050%,키움투자자산운용,10000
150460,"1,154억원","국내주식형, 시장테마",2011년 12월 16일,연0.500%,미래에셋자산운용,30000
152100,"6,108억원","국내주식형, 대표지수",2012년 01월 10일,연0.040%,한화자산운용,50000
152380,594억원,"국내채권형, 일반",2012년 01월 20일,연0.070%,삼성자산운용,6000
152500,102억원,"국내파생, 레버리지",2012년 01월 27일,연0.300%,한국투자신탁운용,100000
152870,432억원,"국내주식형, 대표지수",2012년 02월 13일,연0.145%,교보악사자산운용,50000
153130,"7,175억원","국내채권형, 일반",2012년 02월 22일,연0.150%,삼성자산운용,1000
153270,73억원,"국내주식형, 대표지수",2012년 02월 28일,연0.195%,키움투자자산운용,20000
156080,142억원,"국내주식형, 대표지수",2012년 04월 30일,연0.090%,삼성자산운용,100000
157450,"6,566억원","국내채권형, 일반",2012년 05월 16일,연0.070%,미래에셋자산운용,1000
157490,978억원,"국내주식형, 섹터",2012년 05월 16일,연0.400%,미래에셋자산운용,20000
157500,64억원,"국내주식형, 섹터",2012년 05월 16일,연0.400%,미래에셋자산운용,20000
159800,81억원,"국내주식형, 대표지수",2012년 07월 05일,연0.390%,디비자산운용,40000
160580,270억원,해외상품,2012년 12월 17일,연0.830%,미래에셋자산운용,25000
161510,"2,989억원","국내주식형, 시장테마",2012년 08월 29일,연0.230%,한화자산운용,30000
166400,67억원,"국내파생, 구조화",2012년 10월 25일,연0.380%,미래에셋자산운용,100000
167860,135억원,"국내채권형, 파생",2012년 10월 30일,연0.300%,키움투자자산운용,10000
168580,"1,106억원","해외주식형, 시장대표",2012년 11월 29일,연0.700%,한국투자신탁운용,20000
169950,215억원,"해외주식형, 시장대표",2013년 01월 21일,연0.120%,삼성자산운용,100000
174350,79억원,"국내주식형, 전략지수",2013년 06월 20일,연0.400%,미래에셋자산운용,20000
174360,663억원,"해외주식형, 시장대표",2013년 06월 04일,연0.650%,케이비자산운용,100000
176950,66억원,"국내채권형, 파생",2013년 05월 31일,연0.070%,삼성자산운용,6000
181480,136억원,"해외상품, 부동산",2013년 08월 01일,연0.300%,한국투자신탁운용,20000
182480,"1,192억원","해외상품, 부동산",2013년 10월 10일,연0.240%,미래에셋자산운용,50000
182490,163억원,"해외채권형, 파생",2014년 03월 24일,연0.240%,미래에셋자산운용,50000
183700,148억원,"국내혼합형, 주식/채권",2013년 10월 17일,연0.200%,케이비자산운용,60000
183710,82억원,"국내혼합형, 주식/채권",2013년 10월 17일,연0.250%,케이비자산운용,50000
185680,172억원,해외파생,2013년 10월 31일,연0.210%,삼성자산운용,1000
189400,71억원,해외파생,2013년 12월 10일,연0.400%,한화자산운용,30000
190620,"1,390억원","국내채권형, 일반",2013년 12월 23일,연0.070%,한국투자신탁운용,1000
192090,"1,898억원","해외주식형, 시장대표",2014년 02월 17일,연0.630%,미래에셋자산운용,50000
192720,74억원,"국내주식형, 시장테마",2014년 02월 20일,연0.230%,교보악사자산운용,30000
195920,121억원,해외파생,2014년 04월 30일,연0.240%,미래에셋자산운용,20000
195930,409억원,해외파생,2014년 04월 30일,연0.240%,미래에셋자산운용,50000
195970,144억원,해외파생,2014년 05월 13일,연0.500%,한화자산운용,20000
195980,710억원,해외파생,2014년 05월 13일,연0.500%,한화자산운용,20000
196030,224억원,해외파생,2014년 06월 16일,연0.500%,한국투자신탁운용,100000
196230,"4,406억원","국내채권형, 일반",2014년 05월 19일,연0.130%,케이비자산운용,1000
200030,185억원,해외파생,2014년 06월 12일,연0.250%,삼성자산운용,1000
200250,"2,164억원",해외파생,2014년 06월 26일,연0.290%,키움투자자산운용,50000
203780,451억원,해외파생,2014년 08월 27일,연0.300%,미래에셋자산운용,20000
204450,730억원,해외파생,2014년 09월 12일,연0.640%,삼성자산운용,100000
204480,888억원,해외파생,2014년 09월 01일,연0.580%,미래에셋자산운용,20000
205720,70억원,해외파생,2014년 09월 29일,연0.500%,한국투자신탁운용,100000
210780,270억원,"국내주식형, 시장테마",2014년 12월 05일,연0.240%,미래에셋자산운용,30000
211560,181억원,"국내주식형, 시장테마",2014년 12월 17일,연0.115%,미래에셋자산운용,30000
211900,205억원,"국내주식형, 시장테마",2014년 12월 17일,연0.150%,삼성자산운용,50000
213610,"1,144억원","국내주식형, 그룹",2015년 01월 08일,연0.090%,삼성자산운용,100000
213630,132억원,"해외주식형, 테마",2015년 01월 26일,연0.400%,한화자산운용,10000
214980,"1조2,169억원","국내채권형, 일반",2015년 03월 03일,연0.150%,삼성자산운용,1000
215620,37억원,"국내주식형, 시장테마",2015년 03월 25일,연0.400%,흥국자산운용,30000
217770,144억원,해외상품,2015년 04월 29일,연0.690%,미래에셋자산운용,50000
217780,157억원,해외파생,2015년 06월 10일,연0.580%,미래에셋자산운용,50000
218420,280억원,해외파생,2015년 04월 28일,연0.250%,삼성자산운용,1000
219390,191억원,해외파생,2015년 06월 02일,연0.250%,케이비자산운용,50000
219480,"1,400억원",해외파생,2015년 05월 29일,연0.050%,삼성자산운용,50000
219900,57억원,해외파생,2015년 05월 28일,연0.500%,한국투자신탁운용,100000
220130,33억원,해외파생,2015년 06월 08일,연0.600%,신한자산운용,100000
223190,171억원,"국내주식형, 전략지수",2015년 06월 26일,연0.300%,삼성자산운용,100000
225030,71억원,해외파생,2015년 07월 29일,연0.590%,미래에셋자산운용,50000
225040,561억원,해외파생,2015년 07월 29일,연0.250%,미래에셋자산운용,20000
225050,96억원,해외파생,2015년 07월 29일,연0.580%,미래에셋자산운용,50000
225060,83억원,"해외주식형, 시장대표",2015년 07월 29일,연0.580%,미래에셋자산운용,20000
225130,89억원,해외파생,2015년 07월 28일,연0.490%,한국투자신탁운용,100000
225800,165억원,"해외통화, 파생",2015년 08월 10일,연0.640%,키움투자자산운용,10000
226380,56억원,"국내주식형, 시장테마",2015년 08월 19일,연0.500%,한국투자신탁운용,100000
226490,"3,132억원","국내주식형, 대표지수",2015년 08월 24일,연0.150%,삼성자산운용,50000
226980,64억원,"국내주식형, 대표지수",2015년 09월 01일,연0.300%,삼성자산운용,100000
227540,413억원,"국내주식형, 섹터",2015년 09월 23일,연0.400%,미래에셋자산운용,20000
227550,42억원,"국내주식형, 섹터",2015년 09월 23일,연0.400%,미래에셋자산운용,20000
227560,33억원,"국내주식형, 섹터",2015년 09월 23일,연0.400%,미래에셋자산운용,20000
227570,71억원,"국내주식형, 시장테마",2015년 09월 23일,연0.350%,미래에셋자산운용,30000
227830,71억원,"국내주식형, 대표지수",2015년 09월 23일,연0.200%,한화자산운용,50000
228790,776억원,"국내주식형, 시장테마",2015년 10월 07일,연0.500%,미래에셋자산운용,30000
228800,"1,225억원","국내주식형, 시장테마",2015년 10월 07일,연0.500%,미래에셋자산운용,30000
228810,770억원,"국내주식형, 시장테마",2015년 10월 07일,연0.440%,미래에셋자산운용,30000
228820,75억원,"국내주식형, 대표지수",2015년 10월 14일,연0.210%,미래에셋자산운용,50000
229200,"8,226억원","국내주식형, 대표지수",2015년 10월 01일,연0.210%,삼성자산운용,50000
229720,88억원,"국내주식형, 대표지수",2015년 10월 14일,연0.210%,삼성자산운용,100000
230480,135억원,"해외통화, 파생",2015년 11월 16일,연0.640%,키움투자자산운용,10000
232080,932억원,"국내주식형, 대표지수",2015년 11월 12일,연0.190%,미래에셋자산운용,20000
233160,481억원,"국내파생, 레버리지",2015년 12월 17일,연0.320%,미래에셋자산운용,50000
233740,"9,817억원","국내파생, 레버리지",2015년 12월 17일,연0.640%,삼성자산운용,100000
234310,75억원,"국내주식형, 시장테마",2016년 02월 02일,연0.300%,케이비자산운용,100000
236350,605억원,"해외주식형, 시장대표",2016년 05월 13일,연0.580%,미래에셋자산운용,20000
237350,261억원,"국내주식형, 대표지수",2016년 01월 27일,연0.150%,삼성자산운용,50000
237370,224억원,"국내혼합형, 주식/채권",2016년 01월 27일,연0.160%,삼성자산운용,200000
237440,72억원,"국내혼합형, 주식/채권",2016년 01월 27일,연0.180%,미래에셋자산운용,100000
238670,43억원,"국내혼합형, 주식/채권",2016년 02월 24일,연0.200%,한화자산운용,100000
238720,305억원,"해외주식형, 시장대표",2016년 03월 03일,연0.300%,한국투자신탁운용,100000
239660,231억원,"국내채권형, 일반",2016년 03월 22일,연0.135%,한화자산운용,20000
241180,"2,553억원","해외주식형, 시장대표",2016년 03월 31일,연0.290%,미래에셋자산운용,20000
241390,144억원,"국내혼합형, 주식/채권",2016년 04월 12일,연0.230%,케이비자산운용,200000
243880,320억원,"국내주식형, 섹터",2016년 05월 13일,연0.630%,미래에셋자산운용,25000
243890,33억원,"국내주식형, 섹터",2016년 05월 13일,연0.690%,미래에셋자산운용,25000
244580,"1,305억원","국내주식형, 시장테마",2016년 05월 13일,연0.419%,삼성자산운용,80000
244620,79억원,"국내주식형, 시장테마",2016년 05월 13일,연0.300%,삼성자산운용,100000
244660,43억원,"국내주식형, 시장테마",2016년 05월 13일,연0.300%,삼성자산운용,100000
244670,86억원,"국내주식형, 시장테마",2016년 05월 13일,연0.300%,삼성자산운용,100000
245340,930억원,"해외주식형, 시장대표",2016년 07월 01일,연0.350%,미래에셋자산운용,20000
245350,145억원,"해외주식형, 테마",2016년 07월 01일,연0.350%,미래에셋자산운용,50000
245360,487억원,"해외주식형, 시장대표",2016년 06월 16일,연0.290%,미래에셋자산운용,50000
245710,"2,636억원","해외주식형, 시장대표",2016년 07월 01일,연0.700%,한국투자신탁운용,100000
248270,358억원,해외파생,2016년 07월 01일,연0.400%,미래에셋자산운용,20000
250730,283억원,"해외주식형, 시장대표",2016년 08월 10일,연0.021%,케이비자산운용,100000
250780,177억원,"국내파생, 인버스",2016년 08월 10일,연0.320%,미래에셋자산운용,50000
251340,"5,133억원","국내파생, 인버스",2016년 08월 10일,연0.600%,삼성자산운용,100000
251350,"3,398억원","해외주식형, 시장대표",2016년 08월 17일,연0.300%,삼성자산운용,50000
251590,68억원,"국내주식형, 시장테마",2016년 08월 11일,연0.230%,한화자산운용,50000
251600,220억원,"국내혼합형, 주식/채권",2016년 08월 11일,연0.200%,한화자산운용,100000
252000,73억원,"국내주식형, 대표지수",2016년 09월 20일,연0.210%,미래에셋자산운용,50000
252400,196억원,"국내파생, 레버리지",2016년 09월 12일,연0.600%,케이비자산운용,100000
252410,155억원,"국내파생, 인버스",2016년 09월 12일,연0.600%,케이비자산운용,100000
252420,213억원,"국내파생, 인버스",2016년 09월 22일,연0.600%,케이비자산운용,100000
252650,65억원,"국내주식형, 대표지수",2016년 09월 20일,연0.250%,삼성자산운용,100000
252670,"1조7,498억원","국내파생, 인버스",2016년 09월 22일,연0.640%,삼성자산운용,100000
252710,926억원,"국내파생, 인버스",2016년 09월 22일,연0.022%,미래에셋자산운용,100000
252720,24억원,"국내주식형, 시장테마",2016년 10월 14일,연0.350%,케이비자산운용,50000
252730,16억원,"국내주식형, 시장테마",2016년 10월 14일,연0.350%,케이비자산운용,50000
253150,90억원,"국내파생, 레버리지",2016년 09월 29일,연0.060%,한화자산운용,50000
253160,65억원,"국내파생, 인버스",2016년 09월 22일,연0.060%,한화자산운용,50000
253230,67억원,"국내파생, 인버스",2016년 09월 22일,연0.460%,키움투자자산운용,10000
253240,32억원,"국내파생, 인버스",2016년 09월 12일,연0.460%,키움투자자산운용,10000
253250,88억원,"국내파생, 레버리지",2016년 09월 12일,연0.460%,키움투자자산운용,10000
253280,82억원,"국내주식형, 섹터",2016년 09월 23일,연0.050%,케이비자산운용,50000
253290,141억원,"국내혼합형, 주식/채권",2016년 09월 23일,연0.350%,케이비자산운용,200000
256440,486억원,"해외주식형, 시장대표",2016년 11월 01일,연0.700%,한국투자신탁운용,100000
256450,38억원,"해외주식형, 시장대표",2016년 11월 08일,연0.500%,한화자산운용,20000
256750,217억원,"해외주식형, 시장대표",2016년 11월 08일,연0.470%,삼성자산운용,1000
261060,66억원,"국내주식형, 섹터",2016년 12월 15일,연0.400%,미래에셋자산운용,20000
261070,274억원,"국내주식형, 섹터",2016년 12월 15일,연0.400%,미래에셋자산운용,20000
261110,87억원,"해외통화, 파생",2016년 12월 27일,연0.050%,미래에셋자산운용,100000
261120,239억원,"해외통화, 파생",2016년 12월 27일,연0.050%,미래에셋자산운용,100000
261140,374억원,"국내주식형, 전략지수",2017년 01월 06일,연0.290%,미래에셋자산운용,20000
261220,677억원,해외상품,2016년 12월 27일,연0.310%,삼성자산운용,25000
261240,565억원,"해외통화, 파생",2016년 12월 27일,연0.210%,삼성자산운용,10000
261250,339억원,"해외통화, 파생",2016년 12월 27일,연0.450%,삼성자산운용,10000
261260,"1,218억원","해외통화, 파생",2016년 12월 27일,연0.410%,삼성자산운용,10000
261270,390억원,"해외통화, 파생",2016년 12월 27일,연0.410%,삼성자산운용,10000
261920,56억원,"해외주식형, 시장대표",2016년 12월 28일,연0.500%,한국투자신탁운용,100000
265690,176억원,"해외주식형, 시장대표",2017년 03월 21일,연0.000%,한국투자신탁운용,50000
266160,399억원,"국내주식형, 전략지수",2017년 04월 14일,연0.200%,케이비자산운용,50000
266360,374억원,"국내주식형, 섹터",2017년 03월 28일,연0.450%,삼성자산운용,100000
266370,332억원,"국내주식형, 섹터",2017년 03월 28일,연0.450%,삼성자산운용,100000
266390,49억원,"국내주식형, 섹터",2017년 03월 28일,연0.450%,삼성자산운용,100000
266410,100억원,"국내주식형, 섹터",2017년 03월 28일,연0.450%,삼성자산운용,200000
266420,742억원,"국내주식형, 섹터",2017년 03월 28일,연0.090%,삼성자산운용,100000
266550,29억원,"국내주식형, 전략지수",2017년 03월 28일,연0.230%,한화자산운용,50000
267440,134억원,"해외채권형, 파생",2017년 04월 20일,연0.400%,케이비자산운용,100000
267450,22억원,"해외채권형, 파생",2017년 04월 20일,연0.400%,케이비자산운용,100000
267490,84억원,"해외채권형, 파생",2017년 04월 20일,연0.500%,케이비자산운용,50000
267500,33억원,"해외채권형, 파생",2017년 04월 20일,연0.500%,케이비자산운용,50000
267770,862억원,"국내파생, 레버리지",2017년 04월 25일,연0.022%,미래에셋자산운용,100000
269370,81억원,"해외주식형, 섹터",2017년 05월 16일,연0.400%,미래에셋자산운용,50000
269420,240억원,"해외주식형, 섹터",2017년 05월 16일,연0.220%,삼성자산운용,1000
269530,74억원,"해외주식형, 섹터",2017년 05월 16일,연0.300%,한화자산운용,50000
269540,640억원,"해외주식형, 시장대표",2017년 05월 16일,연0.300%,한화자산운용,100000
270800,76억원,"국내주식형, 전략지수",2017년 07월 07일,연0.300%,케이비자산운용,50000
270810,"1,010억원","국내주식형, 대표지수",2017년 06월 16일,연0.180%,케이비자산운용,20000
271050,469억원,해외상품,2017년 06월 13일,연0.350%,삼성자산운용,25000
271060,150억원,해외상품,2017년 06월 13일,연0.510%,삼성자산운용,30000
272220,79억원,"국내주식형, 전략지수",2017년 07월 11일,연0.190%,한국투자신탁운용,100000
272230,88억원,"국내주식형, 전략지수",2017년 07월 11일,연0.190%,한국투자신탁운용,100000
272560,"1,789억원","국내채권형, 일반",2017년 06월 29일,연0.070%,케이비자산운용,1000
272570,244억원,"국내채권형, 일반",2017년 06월 29일,연0.070%,케이비자산운용,1000
272580,"5,311억원","국내채권형, 일반",2017년 06월 29일,연0.060%,미래에셋자산운용,2000
272910,355억원,"국내채권형, 일반",2017년 06월 29일,연0.080%,한국투자신탁운용,1000
273130,"2조8,571억원","국내채권형, 일반",2017년 06월 29일,연0.045%,삼성자산운용,1000
273140,"3,341억원","국내채권형, 일반",2017년 06월 29일,연0.150%,삼성자산운용,1000
275280,89억원,"국내주식형, 전략지수",2017년 07월 11일,연0.260%,삼성자산운용,100000
275290,81억원,"국내주식형, 전략지수",2017년 07월 11일,연0.260%,삼성자산운용,100000
275300,57억원,"국내주식형, 전략지수",2017년 07월 11일,연0.260%,삼성자산운용,100000
275750,32억원,"국내파생, 인버스",2017년 08월 01일,연0.600%,케이비자산운용,50000
275980,"1,343억원","해외주식형, 섹터",2017년 08월 01일,연0.400%,미래에셋자산운용,20000
276000,126억원,"해외주식형, 섹터",2017년 08월 01일,연0.400%,미래에셋자산운용,50000
276650,234억원,"해외주식형, 섹터",2017년 08월 17일,연0.400%,케이비자산운용,50000
276970,425억원,해외파생,2017년 08월 10일,연0.260%,삼성자산운용,100000
276990,282억원,"해외주식형, 섹터",2017년 08월 17일,연0.300%,삼성자산운용,1000
277540,207억원,"해외주식형, 시장대표",2017년 08월 23일,연0.700%,한국투자신탁운용,150000
277630,"1,024억원","국내주식형, 대표지수",2017년 08월 31일,연0.120%,미래에셋자산운용,50000
277640,34억원,"국내주식형, 시가총액규모",2017년 08월 31일,연0.240%,미래에셋자산운용,50000
277650,58억원,"국내주식형, 시가총액규모",2017년 08월 31일,연0.240%,미래에셋자산운용,50000
278240,"1,071억원","국내파생, 레버리지",2017년 08월 31일,연0.600%,케이비자산운용,10000
278530,"2조1,104억원","국내주식형, 대표지수",2017년 11월 21일,연0.050%,삼성자산운용,150000
278540,"5,065억원","국내주식형, 대표지수",2017년 11월 09일,연0.090%,삼성자산운용,100000
278620,"1,326억원","국내채권형, 일반",2017년 09월 26일,연0.070%,한화자산운용,1000
279530,255억원,"국내주식형, 전략지수",2017년 10월 17일,연0.260%,삼성자산운용,100000
279540,66억원,"국내주식형, 전략지수",2017년 10월 17일,연0.260%,삼성자산운용,100000
280320,134억원,"해외주식형, 섹터",2017년 10월 17일,연0.500%,한국투자신탁운용,100000
280920,58억원,"국내주식형, 전략지수",2017년 10월 17일,연0.230%,한화자산운용,50000
280930,251억원,"해외주식형, 시장대표",2017년 11월 09일,연0.410%,삼성자산운용,50000
280940,51억원,해외상품,2017년 11월 09일,연0.450%,삼성자산운용,50000
281990,44억원,"국내주식형, 전략지수",2017년 11월 02일,연0.300%,케이비자산운용,50000
282000,916억원,"국내파생, 인버스",2017년 11월 09일,연0.070%,케이비자산운용,1000
283580,861억원,"해외주식형, 시장대표",2017년 12월 13일,연0.120%,삼성자산운용,50000
284430,729억원,"해외채권형, 일반",2017년 11월 30일,연0.310%,삼성자산운용,80000
284980,40억원,"국내주식형, 섹터",2017년 12월 08일,연0.190%,케이비자산운용,20000
284990,41억원,"국내주식형, 섹터",2017년 12월 08일,연0.190%,케이비자산운용,20000
285000,44억원,"국내주식형, 섹터",2017년 12월 08일,연0.190%,케이비자산운용,20000
285010,40억원,"국내주식형, 섹터",2017년 12월 08일,연0.190%,케이비자산운용,20000
285020,32억원,"국내주식형, 섹터",2017년 12월 08일,연0.190%,케이비자산운용,20000
285690,52억원,"국내주식형, 전략지수",2017년 12월 13일,연0.100%,브이아이자산운용,50000
287180,288억원,"해외주식형, 섹터",2017년 12월 13일,연0.500%,한화자산운용,50000
287300,30억원,"국내주식형, 섹터",2017년 12월 22일,연0.190%,케이비자산운용,20000
287310,47억원,"국내주식형, 섹터",2017년 12월 22일,연0.190%,케이비자산운용,20000
287320,10억원,"국내주식형, 섹터",2017년 12월 22일,연0.190%,케이비자산운용,20000
287330,13억원,"국내주식형, 섹터",2017년 12월 22일,연0.190%,케이비자산운용,20000
289040,142억원,"국내주식형, 전략지수",2018년 02월 07일,연0.260%,삼성자산운용,100000
289250,65억원,"국내주식형, 전략지수",2018년 02월 07일,연0.400%,미래에셋자산운용,30000
289260,177억원,"국내주식형, 전략지수",2018년 02월 07일,연0.400%,미래에셋자산운용,30000
289480,271억원,"국내파생, 구조화",2018년 02월 09일,연0.380%,미래에셋자산운용,100000
289670,59억원,"국내채권형, 일반",2018년 02월 07일,연0.050%,한화자산운용,4000
290080,100억원,"국내파생, 구조화",2018년 02월 27일,연0.400%,케이비자산운용,50000
290130,"2,310억원","국내주식형, 시장테마",2018년 02월 27일,연0.300%,케이비자산운용,50000
291130,150억원,"해외주식형, 시장대표",2018년 03월 09일,연0.500%,한국투자신탁운용,100000
291620,34억원,"국내파생, 인버스",2018년 03월 16일,연0.090%,키움투자자산운용,10000
291630,47억원,"국내파생, 레버리지",2018년 03월 16일,연0.090%,키움투자자산운용,10000
291680,26억원,"해외주식형, 시장대표",2018년 03월 23일,연0.590%,케이비자산운용,50000
291890,57억원,"해외주식형, 시장대표",2018년 03월 23일,연0.410%,삼성자산운용,50000
292050,109억원,"국내주식형, 대표지수",2018년 03월 26일,연0.050%,케이비자산운용,50000
292150,"1조2,103억원","국내주식형, 시가총액규모",2018년 03월 30일,연0.150%,미래에셋자산운용,50000
292160,89억원,"국내주식형, 대표지수",2018년 03월 26일,연0.070%,미래에셋자산운용,100000
292190,229억원,"국내주식형, 대표지수",2018년 03월 26일,연0.050%,삼성자산운용,100000
292500,125억원,"국내주식형, 대표지수",2018년 03월 26일,연0.050%,신한자산운용,100000
292560,"1,523억원","해외통화, 파생",2018년 04월 17일,연0.210%,미래에셋자산운용,100000
292730,107억원,"국내주식형, 대표지수",2018년 03월 26일,연0.100%,브이아이자산운용,100000
292750,106억원,"국내주식형, 대표지수",2018년 03월 26일,연0.090%,한화자산운용,100000
292770,66억원,"국내채권형, 일반",2018년 04월 13일,연0.070%,삼성자산운용,6000
293180,"5,460억원","국내주식형, 대표지수",2018년 03월 30일,연0.036%,엔에이치아문디자산운용,50000
294400,"6,610억원","국내주식형, 대표지수",2018년 04월 23일,연0.012%,키움투자자산운용,50000
295000,36억원,"국내채권형, 일반",2018년 05월 11일,연0.070%,케이비자산운용,2000
295020,431억원,"국내채권형, 일반",2018년 05월 11일,연0.070%,케이비자산운용,2000
295040,"2,294억원","국내주식형, 대표지수",2018년 04월 23일,연0.050%,신한자산운용,150000
295820,50억원,"국내주식형, 대표지수",2018년 05월 11일,연0.230%,한화자산운용,50000
298340,61억원,"국내채권형, 파생",2018년 06월 08일,연0.100%,한화자산운용,4000
298770,578억원,"해외주식형, 섹터",2018년 06월 11일,연0.550%,삼성자산운용,100000
299070,23억원,"국내채권형, 파생",2018년 06월 08일,연0.050%,한국투자신탁운용,1000
299080,22억원,"국내채권형, 파생",2018년 06월 08일,연0.050%,한국투자신탁운용,1000
300610,120억원,"국내주식형, 섹터",2018년 07월 24일,연0.500%,미래에셋자산운용,50000
300640,912억원,"국내주식형, 섹터",2018년 07월 24일,연0.300%,케이비자산운용,50000
300950,205억원,"국내주식형, 섹터",2018년 07월 24일,연0.450%,삼성자산운용,100000
301400,43억원,"국내주식형, 대표지수",2018년 07월 05일,연0.150%,한화자산운용,50000
301410,30억원,"국내파생, 인버스",2018년 07월 11일,연0.290%,한화자산운용,50000
302190,"3,202억원","국내채권형, 일반",2018년 07월 20일,연0.130%,미래에셋자산운용,20000
302450,"1,109억원","국내주식형, 대표지수",2018년 07월 24일,연0.140%,케이비자산운용,50000
304660,"3,115억원","해외채권형, 파생",2018년 09월 12일,연0.300%,삼성자산운용,100000
304670,70억원,"해외채권형, 파생",2018년 09월 12일,연0.300%,삼성자산운용,100000
304760,52억원,"국내주식형, 대표지수",2018년 08월 14일,연0.050%,엔에이치아문디자산운용,50000
304770,189억원,"국내주식형, 대표지수",2018년 08월 14일,연0.200%,엔에이치아문디자산운용,20000
304780,410억원,"국내파생, 레버리지",2018년 08월 14일,연0.450%,엔에이치아문디자산운용,50000
304940,"1,275억원",해외파생,2018년 08월 30일,연0.050%,삼성자산운용,50000
305050,70억원,"국내주식형, 대표지수",2018년 10월 05일,연0.020%,한국투자신탁운용,50000
305080,"1,235억원","해외채권형, 파생",2018년 08월 30일,연0.250%,미래에셋자산운용,100000
305540,"1조2,655억원","국내주식형, 섹터",2018년 09월 12일,연0.440%,미래에셋자산운용,50000
305720,"1조2,332억원","국내주식형, 섹터",2018년 09월 12일,연0.450%,삼성자산운용,100000
306520,44억원,"국내파생, 인버스",2018년 09월 18일,연0.450%,엔에이치아문디자산운용,50000
306530,29억원,"국내파생, 레버리지",2018년 09월 18일,연0.450%,엔에이치아문디자산운용,20000
306950,157억원,"국내파생, 레버리지",2018년 10월 16일,연0.640%,삼성자산운용,100000
307010,62억원,"국내파생, 레버리지",2018년 10월 16일,연0.550%,케이비자산운용,100000
307510,66억원,"국내주식형, 섹터",2018년 11월 08일,연0.500%,미래에셋자산운용,50000
307520,377억원,"국내주식형, 전략지수",2018년 11월 08일,연0.500%,미래에셋자산운용,50000
308620,482억원,"해외채권형, 파생",2018년 10월 19일,연0.090%,삼성자산운용,100000
309230,975억원,"해외주식형, 스타일",2018년 10월 25일,연0.400%,한국투자신탁운용,20000
310080,104억원,해외파생,2018년 11월 28일,연0.600%,케이비자산운용,50000
310960,208억원,"국내주식형, 대표지수",2018년 11월 20일,연0.090%,미래에셋자산운용,100000
310970,"1조2,724억원","국내주식형, 대표지수",2018년 11월 20일,연0.120%,미래에셋자산운용,100000
314250,"5,380억원","해외주식형, 섹터",2019년 01월 10일,연0.450%,삼성자산운용,10000
314700,55억원,"국내주식형, 섹터",2018년 12월 21일,연0.500%,엔에이치아문디자산운용,50000
315270,55억원,"국내주식형, 섹터",2019년 01월 15일,연0.400%,미래에셋자산운용,20000
315480,13억원,"국내주식형, 섹터",2019년 01월 15일,연0.190%,케이비자산운용,20000
315930,"1조2,598억원","국내주식형, 전략지수",2019년 01월 22일,연0.150%,삼성자산운용,100000
315960,687억원,"국내주식형, 전략지수",2019년 01월 22일,연0.070%,케이비자산운용,50000
316300,61억원,"해외상품, 부동산",2019년 01월 29일,연0.400%,한국투자신탁운용,100000
316670,147억원,"국내주식형, 대표지수",2019년 01월 22일,연0.150%,키움투자자산운용,20000
319640,399억원,해외파생,2019년 04월 09일,연0.390%,미래에셋자산운용,50000
319870,93억원,"해외통화, 파생",2019년 03월 19일,연0.300%,케이비자산운용,50000
321410,47억원,해외혼합형,2019년 06월 05일,연0.250%,삼성자산운용,100000
322120,81억원,"국내주식형, 전략지수",2019년 04월 16일,연0.190%,한국투자신탁운용,100000
322130,67억원,"국내주식형, 전략지수",2019년 04월 16일,연0.190%,한국투자신탁운용,100000
322150,68억원,"국내주식형, 전략지수",2019년 04월 16일,연0.190%,한국투자신탁운용,100000
322400,494억원,"국내주식형, 섹터",2019년 04월 23일,연0.450%,엔에이치아문디자산운용,50000
322410,32억원,"국내주식형, 전략지수",2019년 04월 23일,연0.250%,엔에이치아문디자산운용,50000
325010,968억원,"국내주식형, 전략지수",2019년 05월 31일,연0.300%,삼성자산운용,100000
325020,"1,222억원","국내주식형, 전략지수",2019년 05월 31일,연0.300%,삼성자산운용,100000
326230,265억원,"국내주식형, 전략지수",2019년 06월 20일,연0.400%,케이비자산운용,20000
326240,"1,690억원","국내주식형, 전략지수",2019년 06월 20일,연0.400%,케이비자산운용,20000
328370,"1,840억원","국내주식형, 대표지수",2019년 06월 25일,연0.150%,한화자산운용,50000
329200,"4,141억원","국내주식형, 시장테마",2019년 07월 19일,연0.290%,미래에셋자산운용,50000
329650,"1,557억원","국내혼합형, 주식/채권",2019년 07월 04일,연0.240%,삼성자산운용,100000
329660,260억원,"국내혼합형, 주식/채권",2019년 07월 04일,연0.170%,삼성자산운용,100000
329670,263억원,"국내혼합형, 주식/채권",2019년 07월 04일,연0.100%,삼성자산운용,100000
329750,"5,656억원","해외채권형, 파생",2019년 07월 24일,연0.300%,미래에셋자산운용,10000
331910,71억원,"국내주식형, 시가총액규모",2019년 08월 13일,연0.300%,키움투자자산운용,20000
332500,406억원,"국내주식형, 대표지수",2019년 08월 28일,연0.030%,한국투자신탁운용,100000
332610,264억원,"해외채권형, 일반",2019년 08월 20일,연0.315%,한화자산운용,1000
332620,307억원,"해외채권형, 일반",2019년 08월 20일,연0.315%,한화자산운용,1000
332930,"1,188억원","국내주식형, 대표지수",2019년 08월 28일,연0.030%,엔에이치아문디자산운용,50000
332940,"1,887억원","국내주식형, 대표지수",2019년 08월 28일,연0.120%,엔에이치아문디자산운용,100000
333940,76억원,"국내주식형, 전략지수",2019년 09월 05일,연0.250%,한화자산운용,50000
333950,83억원,"국내주식형, 전략지수",2019년 09월 05일,연0.250%,한화자산운용,50000
333960,83억원,"국내주식형, 전략지수",2019년 09월 05일,연0.250%,한화자산운용,50000
333970,81억원,"국내주식형, 전략지수",2019년 09월 05일,연0.250%,한화자산운용,50000
333980,75억원,"국내주식형, 전략지수",2019년 09월 05일,연0.250%,한화자산운용,50000
334690,56억원,해외상품,2019년 09월 24일,연0.600%,케이비자산운용,50000
334700,29억원,해외상품,2019년 09월 24일,연0.600%,케이비자산운용,50000
336160,400억원,"국내채권형, 일반",2019년 10월 29일,연0.070%,케이비자산운용,1000
337120,80억원,"국내주식형, 전략지수",2019년 11월 14일,연0.300%,삼성자산운용,100000
337140,145억원,"국내주식형, 시가총액규모",2019년 11월 14일,연0.150%,삼성자산운용,100000
337150,167억원,"국내주식형, 시가총액규모",2019년 11월 14일,연0.300%,삼성자산운용,100000
337160,348억원,"국내주식형, 전략지수",2019년 11월 14일,연0.090%,삼성자산운용,100000
341850,219억원,"국내혼합형, 주식/채권",2020년 05월 22일,연0.220%,미래에셋자산운용,50000
346000,78억원,"국내채권형, 파생",2020년 01월 16일,연0.200%,엔에이치아문디자산운용,2000
352540,117억원,"해외상품, 부동산",2020년 05월 13일,연0.300%,삼성자산운용,100000
352560,185억원,"해외상품, 부동산",2020년 05월 13일,연0.090%,삼성자산운용,50000
354240,136억원,해외혼합형,2020년 05월 19일,연0.500%,케이비자산운용,50000
354350,373억원,"해외주식형, 테마",2020년 05월 12일,연0.500%,엔에이치아문디자산운용,10000
354500,229억원,"국내주식형, 대표지수",2020년 05월 07일,연0.020%,한국투자신탁운용,100000
356540,"7,804억원","국내채권형, 일반",2020년 07월 21일,연0.020%,한국투자신탁운용,1000
357870,"7조1,462억원","국내채권형, 파생",2020년 07월 07일,연0.030%,미래에셋자산운용,2000
359210,266억원,"국내주식형, 대표지수",2020년 07월 21일,연0.070%,삼성자산운용,100000
360140,243억원,"국내주식형, 전략지수",2020년 08월 21일,연0.640%,삼성자산운용,100000
360150,81억원,"국내주식형, 전략지수",2020년 08월 21일,연0.640%,삼성자산운용,100000
360200,"9,466억원","해외주식형, 시장대표",2020년 08월 07일,연0.070%,한국투자신탁운용,100000
360750,"3조1,925억원","해외주식형, 시장대표",2020년 08월 07일,연0.070%,미래에셋자산운용,50000
361580,"1,964억원","국내주식형, 대표지수",2020년 08월 21일,연0.012%,케이비자산운용,50000
363510,279억원,"국내채권형, 일반",2020년 09월 09일,연0.070%,신한자산운용,1000
363570,"1,563억원","국내채권형, 일반",2020년 09월 25일,연0.045%,삼성자산운용,1000
363580,"1,278억원","국내주식형, 섹터",2020년 09월 25일,연0.150%,삼성자산운용,100000
364690,83억원,"국내주식형, 대표지수",2020년 09월 29일,연0.300%,삼성자산운용,100000
364960,"1,622억원","국내주식형, 섹터",2020년 10월 07일,연0.400%,미래에셋자산운용,50000
364970,"1,172억원","국내주식형, 섹터",2020년 10월 07일,연0.400%,미래에셋자산운용,50000
364980,"3,140억원","국내주식형, 섹터",2020년 10월 07일,연0.400%,미래에셋자산운용,50000
364990,170억원,"국내주식형, 섹터",2020년 10월 07일,연0.400%,미래에셋자산운용,50000
365000,438억원,"국내주식형, 섹터",2020년 10월 07일,연0.400%,미래에셋자산운용,50000
365040,115억원,"국내주식형, 대표지수",2020년 09월 29일,연0.400%,미래에셋자산운용,100000
365780,"4,584억원","국내채권형, 일반",2020년 10월 15일,연0.020%,한국투자신탁운용,3000
367380,"7,687억원","해외주식형, 시장대표",2020년 10월 29일,연0.070%,한국투자신탁운용,100000
367740,61억원,"국내주식형, 섹터",2020년 10월 29일,연0.450%,엔에이치아문디자산운용,50000
367760,852억원,"국내주식형, 섹터",2020년 10월 29일,연0.450%,케이비자산운용,50000
367770,"2,313억원","국내주식형, 섹터",2020년 10월 29일,연0.450%,케이비자산운용,50000
368190,377억원,"국내주식형, 섹터",2020년 11월 10일,연0.450%,엔에이치아문디자산운용,50000
368200,12억원,"국내주식형, 섹터",2020년 11월 10일,연0.090%,케이비자산운용,50000
368590,"4,628억원","해외주식형, 시장대표",2020년 11월 06일,연0.021%,케이비자산운용,100000
368680,96억원,"국내주식형, 섹터",2020년 11월 10일,연0.090%,삼성자산운용,100000
371130,68억원,"해외주식형, 시장대표",2020년 11월 25일,연0.700%,한국투자신탁운용,100000
371150,119억원,"해외주식형, 섹터",2020년 12월 16일,연0.140%,케이비자산운용,50000
371160,"5,753억원","해외주식형, 섹터",2020년 12월 16일,연0.090%,미래에셋자산운용,50000
371450,466억원,"해외주식형, 섹터",2020년 12월 08일,연0.490%,미래에셋자산운용,40000
371460,2조772억원,"해외주식형, 섹터",2020년 12월 08일,연0.490%,미래에셋자산운용,40000
371470,351억원,"해외주식형, 섹터",2020년 12월 08일,연0.490%,미래에셋자산운용,40000
371870,51억원,"해외주식형, 섹터",2020년 12월 16일,연0.250%,한국투자신탁운용,100000
372330,"1,885억원","해외주식형, 섹터",2020년 12월 16일,연0.120%,삼성자산운용,50000
373490,54억원,"국내주식형, 전략지수",2020년 12월 24일,연0.500%,삼성자산운용,50000
373530,58억원,해외파생,2020년 12월 16일,연0.500%,한화자산운용,20000
373790,55억원,"해외주식형, 테마",2020년 12월 24일,연0.400%,키움투자자산운용,20000
375270,75억원,"해외상품, 부동산",2021년 01월 14일,연0.400%,케이비자산운용,50000
375760,102억원,"국내주식형, 섹터",2021년 02월 05일,연0.200%,엔에이치아문디자산운용,100000
375770,291억원,"국내주식형, 섹터",2021년 02월 05일,연0.090%,삼성자산운용,100000
376410,177억원,"국내주식형, 섹터",2021년 02월 05일,연0.090%,미래에셋자산운용,100000
377990,201억원,"국내주식형, 섹터",2021년 03월 05일,연0.500%,미래에셋자산운용,50000
379780,"3,521억원","해외주식형, 시장대표",2021년 04월 09일,연0.021%,케이비자산운용,100000
379790,82억원,"해외주식형, 시장대표",2021년 04월 09일,연0.021%,케이비자산운용,50000
379800,1조376억원,"해외주식형, 시장대표",2021년 04월 09일,연0.050%,삼성자산운용,50000
379810,"7,687억원","해외주식형, 시장대표",2021년 04월 09일,연0.050%,삼성자산운용,50000
380340,75억원,"국내주식형, 시장테마",2021년 04월 02일,연0.350%,한국투자신탁운용,100000
381170,"2조1,541억원","해외주식형, 시장대표",2021년 04월 09일,연0.490%,미래에셋자산운용,50000
381180,"2조3,843억원","해외주식형, 섹터",2021년 04월 09일,연0.490%,미래에셋자산운용,50000
381560,192억원,"국내주식형, 시장테마",2021년 04월 02일,연0.450%,엔에이치아문디자산운용,50000
381570,54억원,"국내주식형, 시장테마",2021년 04월 02일,연0.450%,엔에이치아문디자산운용,50000
385510,443억원,"국내주식형, 시장테마",2021년 05월 25일,연0.500%,삼성자산운용,50000
385520,273억원,"국내주식형, 시장테마",2021년 05월 25일,연0.500%,삼성자산운용,50000
385540,"1조1,414억원","국내채권형, 일반",2021년 05월 26일,연0.012%,케이비자산운용,1000
385550,"1,180억원","국내채권형, 일반",2021년 05월 26일,연0.050%,케이비자산운용,1000
385560,"3,710억원","국내채권형, 일반",2021년 05월 26일,연0.050%,케이비자산운용,10000
385590,266억원,"국내주식형, 전략지수",2021년 05월 25일,연0.500%,한국투자신탁운용,100000
385600,223억원,"국내주식형, 시장테마",2021년 05월 25일,연0.290%,한국투자신탁운용,100000
385710,90억원,"국내주식형, 시장테마",2021년 05월 25일,연0.800%,타임폴리오자산운용,100000
385720,278억원,"국내주식형, 대표지수",2021년 05월 25일,연0.800%,타임폴리오자산운용,100000
387270,272억원,"해외주식형, 시장대표",2021년 05월 25일,연0.550%,미래에셋자산운용,10000
387280,222억원,"국내주식형, 시장테마",2021년 05월 25일,연0.770%,미래에셋자산운용,10000
388280,382억원,"국내주식형, 섹터",2021년 06월 10일,연0.450%,케이비자산운용,20000
388420,"2,332억원","국내주식형, 섹터",2021년 06월 10일,연0.500%,케이비자산운용,20000
390390,"3,469억원","해외주식형, 섹터",2021년 06월 30일,연0.090%,삼성자산운용,50000
390400,92억원,"해외주식형, 섹터",2021년 06월 30일,연0.090%,삼성자산운용,100000
390950,53억원,"국내채권형, 일반",2021년 06월 25일,연0.100%,엔에이치아문디자산운용,1000
391590,27억원,"해외주식형, 섹터",2021년 08월 05일,연0.700%,한국투자신탁운용,100000
391600,198억원,"해외주식형, 섹터",2021년 08월 05일,연0.700%,한국투자신탁운용,50000
391670,49억원,"국내주식형, 대표지수",2021년 07월 06일,연0.300%,흥국자산운용,50000
391680,47억원,"국내주식형, 대표지수",2021년 07월 06일,연0.300%,흥국자산운용,50000
394340,61억원,"해외주식형, 섹터",2021년 07월 20일,연0.310%,키움투자자산운용,100000
394350,327억원,"해외주식형, 섹터",2021년 07월 20일,연0.310%,키움투자자산운용,100000
394660,"3,401억원",해외파생,2021년 07월 20일,연0.490%,미래에셋자산운용,40000
394670,"3,157억원",해외파생,2021년 07월 20일,연0.490%,미래에셋자산운용,40000
395150,391억원,"국내주식형, 섹터",2021년 07월 30일,연0.450%,삼성자산운용,100000
395160,383억원,"국내주식형, 섹터",2021년 07월 30일,연0.450%,삼성자산운용,100000
395170,696억원,"국내주식형, 섹터",2021년 07월 30일,연0.150%,삼성자산운용,100000
395270,"1,472억원","국내주식형, 섹터",2021년 07월 30일,연0.450%,엔에이치아문디자산운용,50000
395280,125억원,"국내주식형, 섹터",2021년 07월 30일,연0.450%,엔에이치아문디자산운용,50000
395290,"1,202억원","국내주식형, 섹터",2021년 07월 30일,연0.450%,엔에이치아문디자산운용,50000
395750,326억원,"국내주식형, 섹터",2021년 07월 30일,연0.105%,한화자산운용,50000
395760,31억원,"국내주식형, 섹터",2021년 07월 30일,연0.105%,한화자산운용,50000
396500,"7,147억원","국내주식형, 섹터",2021년 08월 10일,연0.450%,미래에셋자산운용,50000
396510,202억원,"해외주식형, 섹터",2021년 08월 10일,연0.490%,미래에셋자산운용,40000
396520,163억원,"해외주식형, 섹터",2021년 08월 10일,연0.490%,미래에셋자산운용,40000
397410,610억원,"국내채권형, 일반",2021년 08월 31일,연0.070%,케이비자산운용,6000
397420,32억원,"국내채권형, 일반",2021년 08월 31일,연0.070%,케이비자산운용,6000
399110,309억원,"해외주식형, 테마",2021년 09월 14일,연0.150%,신한자산운용,100000
399580,92억원,"해외주식형, 섹터",2021년 10월 21일,연0.400%,케이비자산운용,100000
400570,598억원,"해외주식형, 섹터",2021년 09월 30일,연0.640%,삼성자산운용,10000
400580,112억원,"해외주식형, 섹터",2021년 09월 30일,연0.550%,신한자산운용,100000
400590,201억원,"해외주식형, 섹터",2021년 09월 30일,연0.550%,신한자산운용,100000
400970,"1,076억원","국내주식형, 섹터",2021년 10월 13일,연0.450%,미래에셋자산운용,50000
401170,"1,211억원","국내주식형, 섹터",2021년 10월 13일,연0.450%,케이비자산운용,20000
401470,"1,391억원","국내주식형, 섹터",2021년 10월 13일,연0.500%,삼성자산운용,50000
401590,151억원,"해외주식형, 섹터",2021년 09월 30일,연0.500%,엔에이치아문디자산운용,10000
402460,63억원,"국내주식형, 섹터",2021년 10월 13일,연0.450%,엔에이치아문디자산운용,50000
402520,43억원,"국내주식형, 대표지수",2021년 09월 30일,연0.660%,브이아이자산운용,50000
402970,"2,909억원","해외주식형, 테마",2021년 10월 21일,연0.010%,한국투자신탁운용,100000
403790,109억원,"국내주식형, 대표지수",2021년 10월 13일,연0.620%,마이다스에셋,75000
403990,60억원,"국내주식형, 섹터",2021년 10월 29일,연0.300%,케이비자산운용,50000
404120,67억원,"국내주식형, 섹터",2021년 10월 29일,연0.800%,타임폴리오자산운용,100000
404260,256억원,"국내주식형, 섹터",2021년 10월 29일,연0.090%,삼성자산운용,100000
404470,67억원,"국내주식형, 섹터",2021년 10월 29일,연0.250%,엔에이치아문디자산운용,50000
404540,196억원,"국내주식형, 섹터",2021년 10월 29일,연0.090%,미래에셋자산운용,50000
404650,73억원,"국내주식형, 섹터",2021년 10월 29일,연0.150%,신한자산운용,100000
407160,54억원,"국내주식형, 섹터",2021년 11월 16일,연0.445%,케이씨지아이자산운용,50000
407170,36억원,"국내주식형, 섹터",2021년 11월 16일,연0.445%,케이씨지아이자산운용,50000
407300,36억원,"국내주식형, 섹터",2021년 11월 24일,연0.450%,엔에이치아문디자산운용,50000
407310,134억원,"국내주식형, 대표지수",2021년 11월 24일,연0.150%,엔에이치아문디자산운용,50000
407820,155억원,"국내주식형, 섹터",2021년 11월 16일,연0.975%,에셋플러스자산운용,100000
407830,425억원,"해외주식형, 섹터",2021년 11월 16일,연0.990%,에셋플러스자산운용,100000
409810,180억원,해외파생,2021년 12월 09일,연0.300%,삼성자산운용,50000
409820,"1,916억원",해외파생,2021년 12월 09일,연0.300%,삼성자산운용,50000
410870,74억원,"국내주식형, 섹터",2021년 12월 15일,연0.800%,타임폴리오자산운용,100000
411050,183억원,"해외주식형, 섹터",2021년 12월 22일,연0.500%,한국투자신탁운용,100000
411060,"1,974억원",국내상품,2021년 12월 15일,연0.500%,한국투자신탁운용,100000
411420,619억원,"해외주식형, 섹터",2021년 12월 22일,연0.500%,삼성자산운용,50000
411540,386억원,"국내주식형, 대표지수",2021년 12월 09일,연0.150%,신한자산운용,100000
411720,80억원,"해외주식형, 섹터",2021년 12월 22일,연0.500%,케이비자산운용,50000
411860,59억원,"해외주식형, 시장대표",2021년 12월 22일,연0.250%,키움투자자산운용,50000
412560,18억원,"국내주식형, 섹터",2021년 12월 15일,연0.590%,미래에셋자산운용,50000
412570,447억원,"국내주식형, 섹터",2021년 12월 15일,연0.290%,미래에셋자산운용,50000
412770,"1,372억원","해외주식형, 섹터",2021년 12월 22일,연0.790%,미래에셋자산운용,10000
413220,45억원,"해외주식형, 섹터",2021년 12월 22일,연0.500%,신한자산운용,100000
413930,77억원,"국내주식형, 시장테마",2022년 01월 05일,연0.310%,우리자산운용,50000
414270,653억원,"해외주식형, 섹터",2022년 02월 15일,연0.290%,한국투자신탁운용,50000
414780,"1,087억원",해외파생,2022년 01월 13일,연0.090%,미래에셋자산운용,50000
415340,144억원,해외파생,2022년 01월 13일,연0.090%,삼성자산운용,10000
415760,61억원,해외파생,2022년 01월 13일,연0.550%,신한자산운용,20000
415920,26억원,해외상품,2022년 01월 18일,연0.500%,한화자산운용,50000
416090,44억원,해외파생,2022년 01월 13일,연0.500%,한국투자신탁운용,100000
417450,98억원,"해외주식형, 섹터",2022년 02월 15일,연0.400%,케이비자산운용,50000
417630,255억원,"국내주식형, 시장테마",2022년 02월 08일,연0.500%,미래에셋자산운용,50000
418660,643억원,해외파생,2022년 02월 22일,연0.250%,미래에셋자산운용,50000
418670,158억원,"해외주식형, 테마",2022년 02월 22일,연0.490%,미래에셋자산운용,40000
419170,56억원,"해외주식형, 테마",2022년 02월 22일,연0.490%,엔에이치아문디자산운용,50000
419420,75억원,"해외주식형, 테마",2022년 03월 22일,연0.450%,삼성자산운용,100000
419430,387억원,"해외주식형, 테마",2022년 03월 22일,연0.250%,삼성자산운용,100000
419650,75억원,"해외주식형, 섹터",2022년 02월 15일,연0.500%,한화자산운용,50000
419890,"1,118억원","국내채권형, 일반",2022년 03월 03일,연0.150%,키움투자자산운용,10000
421320,322억원,"국내주식형, 섹터",2022년 03월 29일,연0.450%,한화자산운용,50000
422260,117억원,"국내주식형, 시장테마",2022년 03월 29일,연0.600%,한국투자밸류자산운용,50000
422420,"2,118억원","국내주식형, 섹터",2022년 04월 08일,연0.350%,케이비자산운용,20000
423160,"5조3,222억원","국내채권형, 파생",2022년 04월 26일,연0.050%,삼성자산운용,1000
423170,488억원,"해외주식형, 섹터",2022년 04월 12일,연0.550%,신한자산운용,20000
423920,"2,186억원",해외파생,2022년 04월 19일,연0.580%,미래에셋자산운용,10000
424460,78억원,해외파생,2022년 04월 19일,연0.500%,엔에이치아문디자산운용,10000
426020,165억원,"해외주식형, 시장대표",2022년 05월 11일,연0.800%,타임폴리오자산운용,20000
426030,575억원,"해외주식형, 시장대표",2022년 05월 11일,연0.800%,타임폴리오자산운용,20000
426150,314억원,"국내채권형, 일반",2022년 05월 11일,연0.070%,우리자산운용,2000
426330,61억원,"해외주식형, 시장대표",2022년 04월 26일,연0.520%,키움투자자산운용,50000
426410,34억원,"해외주식형, 테마",2022년 05월 11일,연0.500%,한화자산운용,50000
427110,50억원,"국내주식형, 시장테마",2022년 05월 17일,연0.450%,케이비자산운용,20000
427120,37억원,"국내주식형, 시장테마",2022년 05월 17일,연0.450%,케이비자산운용,20000
428510,49억원,"해외주식형, 테마",2022년 05월 17일,연0.500%,삼성자산운용,50000
428560,84억원,"해외주식형, 테마",2022년 05월 17일,연0.500%,삼성자산운용,50000
429000,502억원,"해외주식형, 테마",2022년 05월 17일,연0.250%,미래에셋자산운용,50000
429010,101억원,"해외주식형, 시장대표",2022년 05월 17일,연0.490%,미래에셋자산운용,50000
429740,67억원,"국내상품, 부동산",2022년 05월 24일,연0.250%,한화자산운용,50000
429760,202억원,"해외주식형, 시장대표",2022년 05월 31일,연0.070%,한화자산운용,100000
429870,48억원,"국내상품, 부동산",2022년 05월 24일,연0.520%,키움투자자산운용,50000
429980,57억원,해외혼합형,2022년 06월 14일,연0.550%,신한자산운용,20000
429990,67억원,해외혼합형,2022년 06월 14일,연0.550%,신한자산운용,20000
430500,112억원,"국내혼합형, 주식/채권",2022년 05월 31일,연0.150%,키움투자자산운용,10000
432600,71억원,"국내채권형, 일반",2022년 06월 14일,연0.070%,케이비자산운용,2000
432840,80억원,"해외주식형, 시장대표",2022년 06월 08일,연0.045%,엔에이치아문디자산운용,100000
432850,43억원,"해외주식형, 테마",2022년 06월 08일,연0.500%,엔에이치아문디자산운용,50000
433220,105억원,"해외주식형, 시장대표",2022년 06월 28일,연0.990%,에셋플러스자산운용,20000
433250,47억원,"국내주식형, 대표지수",2022년 07월 06일,연0.355%,현대자산운용,50000
433330,789억원,"해외주식형, 시장대표",2022년 06월 21일,연0.050%,신한자산운용,100000
433500,88억원,"국내주식형, 전략지수",2022년 06월 28일,연0.300%,한국투자신탁운용,100000
433850,23억원,해외혼합형,2022년 06월 30일,연0.140%,한화자산운용,10000
433860,24억원,해외혼합형,2022년 06월 30일,연0.160%,한화자산운용,10000
433870,22억원,해외혼합형,2022년 06월 30일,연0.180%,한화자산운용,10000
433880,32억원,해외혼합형,2022년 06월 30일,연0.200%,한화자산운용,10000
433970,131억원,해외혼합형,2022년 06월 30일,연0.200%,삼성자산운용,50000
433980,106억원,해외혼합형,2022년 06월 30일,연0.250%,삼성자산운용,50000
434060,547억원,해외혼합형,2022년 06월 30일,연0.300%,삼성자산운용,50000
434730,123억원,"국내주식형, 시장테마",2022년 06월 28일,연0.450%,엔에이치아문디자산운용,50000
434960,356억원,"국내주식형, 대표지수",2022년 06월 28일,연0.100%,대신자산운용,50000
435040,128억원,"해외주식형, 테마",2022년 06월 28일,연0.500%,한국투자신탁운용,50000
435420,666억원,해외혼합형,2022년 07월 06일,연0.250%,미래에셋자산운용,50000
435530,60억원,해외혼합형,2022년 06월 30일,연0.300%,키움투자자산운용,50000
435540,63억원,해외혼합형,2022년 06월 30일,연0.340%,키움투자자산운용,50000
435550,71억원,해외혼합형,2022년 06월 30일,연0.380%,키움투자자산운용,50000
436140,"7,532억원","국내채권형, 일반",2022년 08월 09일,연0.040%,신한자산운용,1000
436180,59억원,"국내주식형, 전략지수",2022년 07월 13일,연0.450%,한화자산운용,50000
437070,683억원,"해외채권형, 일반",2022년 08월 09일,연0.180%,삼성자산운용,2000
437080,776억원,"해외채권형, 일반",2022년 08월 09일,연0.180%,삼성자산운용,1000
437350,818억원,"해외채권형, 일반",2022년 07월 29일,연0.100%,케이비자산운용,50000
437370,64억원,"해외주식형, 섹터",2022년 07월 29일,연0.400%,케이비자산운용,50000
437550,54억원,"해외상품, 부동산",2022년 07월 29일,연0.730%,키움투자자산운용,50000
438080,485억원,해외혼합형,2022년 08월 26일,연0.150%,한국투자신탁운용,100000
438100,156억원,해외혼합형,2022년 08월 26일,연0.150%,한국투자신탁운용,100000
438210,44억원,"해외주식형, 테마",2022년 08월 17일,연0.500%,한화자산운용,50000
438320,392억원,"해외주식형, 테마",2022년 08월 23일,연0.580%,미래에셋자산운용,10000
438330,"1,486억원","국내채권형, 일반",2022년 08월 23일,연0.100%,미래에셋자산운용,1000
438560,268억원,"국내채권형, 일반",2022년 09월 06일,연0.050%,신한자산운용,1000
438570,861억원,"국내채권형, 일반",2022년 09월 06일,연0.050%,신한자산운용,1000
438740,82억원,"국내주식형, 전략지수",2022년 08월 17일,연0.620%,마이다스에셋,75000
438900,64억원,"국내주식형, 시장테마",2022년 08월 17일,연0.450%,엔에이치아문디자산운용,50000
439860,"2,784억원","국내채권형, 일반",2022년 08월 23일,연0.070%,삼성자산운용,1000
439870,"3,078억원","국내채권형, 일반",2022년 08월 23일,연0.050%,삼성자산운용,1000
440340,286억원,해외혼합형,2022년 08월 30일,연0.550%,미래에셋자산운용,50000
440640,534억원,"국내채권형, 일반",2022년 08월 23일,연0.150%,한국투자신탁운용,1000
440650,108억원,"해외채권형, 일반",2022년 08월 23일,연0.300%,한국투자신탁운용,100000
440910,64억원,"해외주식형, 섹터",2022년 08월 26일,연0.350%,우리자산운용,50000
441330,91억원,"해외주식형, 시장대표",2022년 09월 20일,연0.200%,키움투자자산운용,50000
441540,847억원,"국내주식형, 시장테마",2022년 09월 15일,연0.450%,엔에이치아문디자산운용,50000
441640,496억원,"해외주식형, 시장대표",2022년 09월 27일,연0.190%,삼성자산운용,50000
441680,"3,402억원","해외통화, 파생",2022년 09월 22일,연0.370%,미래에셋자산운용,50000
441800,296억원,"국내주식형, 대표지수",2022년 09월 27일,연0.800%,타임폴리오자산운용,20000
442090,92억원,"국내주식형, 전략지수",2022년 09월 20일,연0.975%,에셋플러스자산운용,100000
442260,236억원,"국내주식형, 대표지수",2022년 10월 25일,연0.300%,디비자산운용,40000
442320,122억원,"해외주식형, 시장대표",2022년 10월 13일,연0.400%,케이비자산운용,50000
442550,58억원,해외혼합형,2022년 09월 22일,연0.180%,케이비자산운용,50000
442560,60억원,해외혼합형,2022년 09월 22일,연0.180%,케이비자산운용,50000
442570,97억원,해외혼합형,2022년 09월 22일,연0.180%,케이비자산운용,50000
442580,73억원,"해외주식형, 섹터",2022년 09월 22일,연0.500%,한화자산운용,50000
444200,86억원,"국내주식형, 시장테마",2022년 10월 18일,연0.550%,신한자산운용,50000
444490,134억원,"해외주식형, 시장대표",2022년 10월 06일,연0.050%,우리자산운용,50000
445150,301억원,"국내주식형, 시장테마",2022년 11월 15일,연0.500%,삼성자산운용,50000
445290,"1,754억원","국내주식형, 시장테마",2022년 11월 15일,연0.500%,삼성자산운용,50000
445690,145억원,"국내주식형, 전략지수",2022년 10월 27일,연0.495%,비엔케이자산운용,50000
445910,148억원,"국내주식형, 전략지수",2022년 10월 18일,연0.200%,미래에셋자산운용,50000
445930,37억원,"해외주식형, 시장대표",2022년 10월 25일,연0.350%,키움투자자산운용,50000
445950,51억원,"해외주식형, 시장대표",2022년 10월 25일,연0.350%,키움투자자산운용,50000
446690,95억원,"해외주식형, 섹터",2023년 02월 01일,연0.500%,삼성자산운용,50000
446700,202억원,"국내주식형, 시장테마",2022년 11월 01일,연0.400%,케이비자산운용,20000
446720,"5,064억원","해외주식형, 테마",2022년 11월 15일,연0.010%,신한자산운용,100000
446770,"3,519억원","해외주식형, 섹터",2022년 11월 15일,연0.450%,한국투자신탁운용,50000
447430,181억원,"국내주식형, 시장테마",2022년 11월 15일,연0.700%,한국투자신탁운용,50000
447620,348억원,해외혼합형,2022년 11월 29일,연0.250%,신한자산운용,100000
447660,116억원,해외혼합형,2022년 11월 29일,연0.250%,한화자산운용,50000
447770,"1,135억원",해외혼합형,2022년 11월 29일,연0.250%,미래에셋자산운용,50000
447820,"7,672억원","국내채권형, 일반",2022년 11월 22일,연0.100%,미래에셋자산운용,2000
448100,75억원,"국내주식형, 대표지수",2022년 12월 16일,연0.050%,우리자산운용,25000
448290,"2,095억원","해외주식형, 시장대표",2022년 11월 25일,연0.070%,미래에셋자산운용,50000
448300,"1,417억원","해외주식형, 시장대표",2022년 11월 25일,연0.070%,미래에셋자산운용,50000
448330,473억원,"국내주식형, 대표지수",2022년 11월 29일,연0.070%,삼성자산운용,100000
448490,497억원,"국내채권형, 일반",2022년 11월 22일,연0.050%,엔에이치아문디자산운용,2000
448510,39억원,"해외주식형, 테마",2022년 11월 30일,연0.500%,엔에이치아문디자산운용,10000
448540,"1,058억원",해외혼합형,2022년 11월 29일,연0.070%,한국투자신탁운용,100000
448570,123억원,"국내주식형, 대표지수",2022년 11월 15일,연0.455%,브이아이자산운용,50000
448600,"1,307억원","국내채권형, 일반",2022년 11월 22일,연0.070%,케이비자산운용,2000
448630,165억원,"국내혼합형, 주식/채권",2022년 11월 29일,연0.200%,케이비자산운용,100000
448880,"2,164억원","국내채권형, 파생",2022년 11월 22일,연0.050%,한국투자신탁운용,1000
449170,"4조6,513억원","국내채권형, 파생",2022년 11월 30일,연0.030%,미래에셋자산운용,1000
449180,"2,189억원","해외주식형, 시장대표",2022년 12월 02일,연0.050%,삼성자산운용,50000
449190,"1,698억원","해외주식형, 시장대표",2022년 12월 02일,연0.050%,삼성자산운용,50000
449450,"1,197억원","국내주식형, 시장테마",2023년 01월 05일,연0.450%,한화자산운용,50000
449540,115억원,"국내채권형, 일반",2022년 12월 16일,연0.050%,신한자산운용,1000
449580,99억원,해외혼합형,2022년 12월 20일,연0.240%,케이비자산운용,100000
449680,81억원,해외혼합형,2022년 12월 22일,연0.350%,미래에셋자산운용,10000
449690,110억원,해외파생,2022년 12월 22일,연0.350%,미래에셋자산운용,10000
449770,243억원,"해외주식형, 시장대표",2022년 12월 20일,연0.021%,키움투자자산운용,100000
449780,106억원,"해외주식형, 시장대표",2022년 12월 20일,연0.040%,키움투자자산운용,100000
450120,69억원,"국내주식형, 전략지수",2022년 12월 23일,연0.140%,키움투자자산운용,50000
450180,61억원,해외혼합형,2022년 12월 22일,연0.250%,삼성자산운용,50000
450190,79억원,해외파생,2022년 12월 22일,연0.250%,삼성자산운용,50000
450910,268억원,"국내주식형, 대표지수",2023년 01월 31일,연0.150%,신한자산운용,20000
451000,"2,682억원","국내채권형, 일반",2023년 01월 10일,연0.045%,한화자산운용,1000
451060,"1,573억원","국내주식형, 대표지수",2023년 01월 31일,연0.180%,하나자산운용,150000
451150,66억원,"해외주식형, 시장대표",2023년 01월 31일,연0.990%,에셋플러스자산운용,20000
451530,"1,458억원","국내채권형, 일반",2023년 02월 01일,연0.150%,미래에셋자산운용,2000
451540,"4,133억원","국내채권형, 일반",2023년 02월 01일,연0.030%,미래에셋자산운용,2000
451600,"2,371억원","국내채권형, 일반",2023년 02월 07일,연0.050%,한화자산운용,1000
451670,99억원,"국내채권형, 파생",2023년 02월 14일,연0.100%,케이비자산운용,25000
452250,694억원,"해외채권형, 파생",2023년 02월 07일,연0.250%,한국투자신탁운용,50000
452360,"1,562억원","해외주식형, 테마",2023년 03월 21일,연0.050%,신한자산운용,100000
452440,87억원,"국내주식형, 전략지수",2023년 02월 21일,연0.600%,한국투자밸류자산운용,50000
453010,"1,560억원","국내혼합형, 채권/상품",2023년 03월 14일,연0.050%,한화자산운용,1000
453060,125억원,"국내채권형, 파생",2023년 03월 14일,연0.050%,엔에이치아문디자산운용,1000
453080,181억원,"해외주식형, 시장대표",2023년 03월 14일,연0.040%,키움투자자산운용,100000
453330,260억원,"해외주식형, 테마",2023년 03월 21일,연0.021%,케이비자산운용,100000
453540,"6,019억원","국내채권형, 일반",2023년 03월 23일,연0.100%,미래에셋자산운용,2000
453630,103억원,"해외주식형, 섹터",2023년 03월 21일,연0.250%,삼성자산운용,50000
453640,155억원,"해외주식형, 섹터",2023년 03월 21일,연0.250%,삼성자산운용,50000
453650,131억원,"해외주식형, 섹터",2023년 03월 21일,연0.250%,삼성자산운용,50000
453660,107억원,"해외주식형, 섹터",2023년 03월 21일,연0.250%,삼성자산운용,50000
453810,"3,185억원",해외파생,2023년 04월 21일,연0.190%,삼성자산운용,50000
453820,492억원,해외파생,2023년 04월 21일,연0.390%,삼성자산운용,50000
453850,1조487억원,"해외채권형, 일반",2023년 03월 14일,연0.050%,한국투자신탁운용,100000
453870,"3,238억원",해외파생,2023년 04월 14일,연0.190%,미래에셋자산운용,50000
453950,267억원,"해외주식형, 시장대표",2023년 04월 04일,연0.490%,미래에셋자산운용,50000
454180,46억원,"해외주식형, 섹터",2023년 04월 04일,연0.420%,키움투자자산운용,50000
454320,309억원,"국내주식형, 섹터",2023년 04월 18일,연0.450%,엔에이치아문디자산운용,50000
454780,712억원,"국내채권형, 일반",2023년 04월 11일,연0.025%,키움투자자산운용,1000
455030,"3,469억원","해외채권형, 파생",2023년 04월 04일,연0.150%,삼성자산운용,10000
455660,89억원,"해외채권형, 일반",2023년 04월 18일,연0.240%,한국투자신탁운용,100000
455850,"3,509억원","국내주식형, 섹터",2023년 04월 25일,연0.450%,신한자산운용,50000
455860,"1,968억원","국내주식형, 섹터",2023년 04월 25일,연0.450%,신한자산운용,50000
455890,"1조4,420억원","국내채권형, 파생",2023년 05월 09일,연0.050%,케이비자산운용,2000
455960,396억원,"해외채권형, 파생",2023년 05월 16일,연0.050%,케이비자산운용,10000
456100,55억원,"해외채권형, 파생",2023년 05월 16일,연0.200%,엔에이치아문디자산운용,2000
456200,80억원,"해외채권형, 파생",2023년 05월 09일,연0.090%,한화자산운용,2000
456250,179억원,"해외주식형, 테마",2023년 04월 25일,연0.450%,삼성자산운용,50000
456600,"1,920억원","해외주식형, 섹터",2023년 05월 16일,연0.800%,타임폴리오자산운용,20000
456610,"2,278억원","해외채권형, 파생",2023년 05월 09일,연0.050%,미래에셋자산운용,2000
456680,409억원,해외파생,2023년 05월 09일,연0.580%,미래에셋자산운용,10000
456880,"1,110억원","해외통화, 파생",2023년 04월 25일,연0.050%,한국투자신탁운용,10000
457480,"2,363억원","해외주식형, 테마",2023년 05월 16일,연0.290%,한국투자신탁운용,50000
457690,116억원,"국내채권형, 일반",2023년 05월 31일,연0.150%,삼성자산운용,10000
457700,164억원,"국내채권형, 일반",2023년 05월 31일,연0.150%,삼성자산운용,10000
457930,79억원,"국내주식형, 시장테마",2023년 06월 20일,연0.495%,비엔케이자산운용,50000
457990,47억원,"국내주식형, 시장테마",2023년 06월 20일,연0.450%,한화자산운용,50000
458030,623억원,"국내채권형, 일반",2023년 05월 31일,연0.065%,우리자산운용,2000
458210,"1,112억원","국내혼합형, 채권/상품",2023년 05월 23일,연0.030%,키움투자자산운용,1000
458250,"3,844억원","해외채권형, 파생",2023년 05월 31일,연0.150%,미래에셋자산운용,2000
458260,859억원,"해외채권형, 일반",2023년 05월 31일,연0.050%,미래에셋자산운용,2000
458730,"7,905억원","해외주식형, 테마",2023년 06월 20일,연0.010%,미래에셋자산운용,50000
458750,511억원,해외파생,2023년 06월 20일,연0.390%,미래에셋자산운용,50000
458760,"5,191억원",해외파생,2023년 06월 20일,연0.390%,미래에셋자산운용,50000
459370,63억원,해외파생,2023년 06월 20일,연0.550%,신한자산운용,100000
459560,88억원,해외파생,2023년 06월 08일,연0.180%,삼성자산운용,50000
459580,"7조5,306억원","국내채권형, 파생",2023년 06월 08일,연0.020%,삼성자산운용,100
459750,90억원,"해외주식형, 시장대표",2023년 06월 27일,연0.200%,케이비자산운용,50000
459790,93억원,"해외주식형, 시장대표",2023년 06월 27일,연0.760%,키움투자자산운용,50000
460270,91억원,"해외채권형, 파생",2023년 06월 20일,연0.050%,키움투자자산운용,10000
460280,68억원,"국내주식형, 섹터",2023년 06월 27일,연0.400%,키움투자자산운용,50000
460660,86억원,"해외주식형, 테마",2023년 06월 27일,연0.050%,케이비자산운용,50000
460960,128억원,해외혼합형,2023년 07월 11일,연0.240%,한국투자신탁운용,50000
461260,837억원,"국내채권형, 일반",2023년 06월 20일,연0.050%,한국투자신탁운용,10000
461270,"1,322억원","국내채권형, 일반",2023년 06월 20일,연0.050%,한국투자신탁운용,10000
461340,116억원,"해외주식형, 섹터",2023년 07월 11일,연0.600%,엔에이치아문디자산운용,50000
461450,113억원,"국내주식형, 대표지수",2023년 06월 29일,연0.090%,삼성자산운용,100000
461460,"2,759억원","국내채권형, 일반",2023년 07월 18일,연0.045%,한화자산운용,2000
461490,219억원,해외혼합형,2023년 06월 27일,연0.200%,케이비자산운용,50000
461500,637억원,"국내채권형, 일반",2023년 10월 26일,연0.020%,엔에이치아문디자산운용,1000
461580,104억원,"국내주식형, 대표지수",2023년 06월 29일,연0.150%,미래에셋자산운용,50000
461600,122억원,"해외채권형, 일반",2023년 07월 11일,연0.050%,신한자산운용,50000
461900,54억원,"해외주식형, 테마",2023년 07월 18일,연0.500%,한화자산운용,50000
461910,86억원,해외파생,2023년 07월 18일,연0.800%,한화자산운용,50000
461950,"1,496억원","국내주식형, 섹터",2023년 07월 04일,연0.390%,삼성자산운용,50000
462010,"6,985억원","국내주식형, 섹터",2023년 07월 13일,연0.390%,미래에셋자산운용,50000
462330,"1,590억원","국내주식형, 섹터",2023년 07월 04일,연0.490%,삼성자산운용,100000
462340,83억원,"해외주식형, 시장대표",2023년 07월 25일,연0.990%,에셋플러스자산운용,20000
462540,"1,285억원","국내채권형, 일반",2023년 08월 08일,연0.050%,신한자산운용,2000
462900,"1,315억원","국내주식형, 섹터",2023년 08월 03일,연0.500%,삼성액티브자산운용,50000
463050,"1,108억원","국내주식형, 섹터",2023년 08월 17일,연0.800%,타임폴리오자산운용,50000
463250,165억원,"국내주식형, 섹터",2023년 07월 25일,연0.450%,미래에셋자산운용,50000
463290,"1,587억원","국내채권형, 일반",2023년 08월 03일,연0.080%,하나자산운용,1000
463300,335억원,"해외주식형, 시장대표",2023년 08월 08일,연0.050%,케이비자산운용,100000
463640,98억원,"해외주식형, 섹터",2023년 08월 01일,연0.250%,삼성자산운용,50000
463680,144억원,"해외주식형, 섹터",2023년 08월 01일,연0.250%,삼성자산운용,50000
463690,122억원,"해외주식형, 섹터",2023년 08월 01일,연0.250%,삼성자산운용,50000
464060,92억원,"해외주식형, 섹터",2023년 08월 01일,연0.450%,엔에이치아문디자산운용,50000
464230,"1,846억원","국내채권형, 일반",2023년 08월 17일,연0.050%,키움투자자산운용,10000
464240,554억원,"국내채권형, 일반",2023년 08월 17일,연0.070%,키움투자자산운용,10000
464310,767억원,"해외주식형, 섹터",2023년 08월 17일,연0.490%,미래에셋자산운용,50000
464470,332억원,"해외채권형, 일반",2023년 08월 22일,연0.150%,한화자산운용,2000
464540,"1,909억원","국내채권형, 일반",2023년 08월 17일,연0.050%,케이비자산운용,2000
464600,164억원,"국내주식형, 섹터",2023년 08월 22일,연0.450%,신한자산운용,50000
464610,142억원,"국내주식형, 섹터",2023년 08월 22일,연0.450%,신한자산운용,50000
464920,375억원,"해외주식형, 섹터",2023년 08월 31일,연0.500%,한화자산운용,50000
464930,"1,221억원","해외주식형, 테마",2023년 08월 29일,연0.480%,미래에셋자산운용,50000
465330,552억원,"국내주식형, 섹터",2023년 09월 12일,연0.070%,케이비자산운용,25000
465350,"1,242억원","국내파생, 인버스",2023년 09월 12일,연0.490%,케이비자산운용,25000
465580,"2,146억원","해외주식형, 섹터",2023년 09월 12일,연0.300%,한국투자신탁운용,50000
465610,243억원,해외파생,2023년 09월 12일,연0.600%,한국투자신탁운용,100000
465620,43억원,해외파생,2023년 09월 12일,연0.600%,한국투자신탁운용,50000
465660,535억원,"해외주식형, 섹터",2023년 09월 19일,연0.490%,미래에셋자산운용,50000
465670,162억원,"해외주식형, 테마",2023년 09월 19일,연0.250%,미래에셋자산운용,50000
465680,"2조5,321억원","국내채권형, 일반",2023년 09월 12일,연0.050%,삼성자산운용,10000
465780,757억원,"국내채권형, 일반",2023년 09월 21일,연0.060%,디비자산운용,1000
466400,"1,179억원","국내채권형, 일반",2023년 09월 19일,연0.100%,하나자산운용,1000
466810,60억원,"국내주식형, 섹터",2023년 10월 19일,연0.395%,비엔케이자산운용,50000
466920,814억원,"국내주식형, 섹터",2023년 10월 05일,연0.450%,신한자산운용,50000
466930,104억원,"국내주식형, 섹터",2023년 10월 05일,연0.450%,신한자산운용,50000
466940,"2,462억원","국내주식형, 전략지수",2023년 10월 17일,연0.300%,미래에셋자산운용,50000
466950,"1,104억원","해외주식형, 섹터",2023년 10월 11일,연0.790%,미래에셋자산운용,10000
467540,85억원,"국내주식형, 대표지수",2023년 10월 24일,연0.070%,키움투자자산운용,50000
467620,125억원,"해외채권형, 일반",2023년 10월 17일,연0.290%,키움투자자산운용,20000
467940,"3,169억원","국내채권형, 일반",2023년 10월 11일,연0.090%,삼성자산운용,10000
468370,86억원,"해외채권형, 파생",2023년 10월 19일,연0.100%,삼성자산운용,10000
468380,173억원,"해외채권형, 파생",2023년 10월 19일,연0.150%,삼성자산운용,10000
468630,178억원,"해외채권형, 파생",2023년 10월 19일,연0.100%,삼성자산운용,10000
468820,"1,047억원","국내채권형, 일반",2023년 10월 19일,연0.050%,우리자산운용,2000
469050,388억원,"해외주식형, 섹터",2023년 10월 24일,연0.050%,케이비자산운용,50000
469060,134억원,"해외주식형, 섹터",2023년 10월 24일,연0.050%,케이비자산운용,50000
469070,388억원,"국내주식형, 섹터",2023년 10월 24일,연0.400%,케이비자산운용,50000
469150,320억원,"국내주식형, 섹터",2023년 10월 17일,연0.300%,한국투자신탁운용,50000
469160,82억원,"해외주식형, 섹터",2023년 10월 17일,연0.450%,한국투자신탁운용,100000
469170,379억원,"국내주식형, 전략지수",2023년 10월 17일,연0.300%,한국투자신탁운용,50000
469530,62억원,"국내파생, 인버스",2023년 11월 09일,연0.050%,케이비자산운용,10000
469580,555억원,"해외채권형, 일반",2023년 11월 09일,연0.090%,케이비자산운용,2000
469790,35억원,"국내주식형, 시장테마",2023년 10월 31일,연0.390%,키움투자자산운용,100000
469820,"1,827억원","국내채권형, 일반",2023년 11월 07일,연0.050%,신한자산운용,2000
469830,"3,526억원","국내채권형, 일반",2023년 11월 07일,연0.050%,신한자산운용,2000
470260,1조736억원,"국내채권형, 일반",2023년 11월 21일,연0.100%,미래에셋자산운용,2000
470310,649억원,"국내주식형, 시장테마",2023년 11월 21일,연0.500%,현대자산운용,50000
470320,"1,094억원","국내채권형, 일반",2023년 11월 14일,연0.100%,비엔케이자산운용,2000
471040,176억원,"해외주식형, 섹터",2023년 11월 21일,연0.500%,삼성액티브자산운용,50000
471230,"1,847억원","국내채권형, 일반",2023년 11월 14일,연0.015%,삼성자산운용,1000
471290,113억원,"국내채권형, 파생",2023년 11월 14일,연0.020%,엔에이치아문디자산운용,1000
471460,90억원,"국내채권형, 일반",2023년 11월 07일,연0.035%,키움투자자산운용,20000
471760,"1,646억원","국내주식형, 섹터",2023년 11월 21일,연0.450%,미래에셋자산운용,50000
471780,126억원,"국내주식형, 섹터",2023년 11월 28일,연0.770%,미래에셋자산운용,10000
471990,"2,479억원","국내주식형, 섹터",2023년 11월 21일,연0.390%,삼성자산운용,50000
472150,"1,178억원","국내주식형, 전략지수",2023년 12월 12일,연0.500%,미래에셋자산운용,10000
472160,814억원,"해외주식형, 테마",2023년 12월 05일,연0.490%,미래에셋자산운용,50000
472170,457억원,해외혼합형,2023년 12월 05일,연0.250%,미래에셋자산운용,50000
472350,210억원,"해외주식형, 시장대표",2023년 12월 12일,연0.110%,하나자산운용,100000
472490,34억원,"해외주식형, 테마",2023년 11월 28일,연0.400%,엔에이치아문디자산운용,50000
472720,94억원,"국내주식형, 대표지수",2023년 12월 14일,연0.785%,트러스톤자산운용,20000
472830,320억원,"해외채권형, 파생",2023년 12월 14일,연0.250%,케이비자산운용,50000
472840,121억원,"국내주식형, 대표지수",2023년 12월 21일,연0.080%,아이비케이자산운용,25000
472870,"2,254억원","해외채권형, 파생",2023년 12월 27일,연0.150%,케이비자산운용,50000
472920,"1,089억원","국내채권형, 일반",2023년 11월 28일,연0.036%,흥국자산운용,1000
473290,"1,978억원","국내채권형, 일반",2023년 12월 12일,연0.090%,삼성자산운용,10000
473330,"1,250억원","해외채권형, 파생",2023년 12월 27일,연0.250%,신한자산운용,50000
473380,41억원,"국내주식형, 시장테마",2023년 12월 21일,연0.450%,엔에이치아문디자산운용,50000
473440,"1,224억원","국내채권형, 일반",2023년 12월 19일,연0.050%,한국투자신탁운용,10000
473460,148억원,"해외주식형, 테마",2023년 12월 27일,연0.250%,삼성자산운용,50000
473490,452억원,"해외주식형, 섹터",2023년 12월 21일,연0.400%,키움투자자산운용,50000
473500,27억원,"해외주식형, 섹터",2023년 12월 21일,연0.400%,키움투자자산운용,50000
473590,116억원,"해외주식형, 테마",2023년 12월 27일,연0.300%,한국투자신탁운용,50000
473640,99억원,"해외주식형, 섹터",2024년 01월 18일,연0.450%,엔에이치아문디자산운용,50000
474220,"2,565억원",해외파생,2024년 01월 16일,연0.500%,미래에셋자산운용,50000
474390,98억원,"국내채권형, 일반",2024년 01월 16일,연0.050%,신한자산운용,2000
474590,646억원,"국내주식형, 시장테마",2024년 01월 16일,연0.310%,우리자산운용,50000
474800,93억원,"해외주식형, 섹터",2024년 01월 16일,연0.290%,키움투자자산운용,50000
474920,112억원,"해외주식형, 시장대표",2024년 01월 16일,연0.990%,에셋플러스자산운용,20000
475050,170억원,"국내주식형, 시장테마",2024년 01월 30일,연0.300%,한국투자신탁운용,50000
475070,158억원,"해외주식형, 섹터",2024년 01월 18일,연0.500%,삼성액티브자산운용,50000
475080,"1,180억원",해외혼합형,2024년 01월 23일,연0.390%,삼성자산운용,50000
475260,213억원,"국내채권형, 일반",2024년 01월 23일,연0.050%,한국투자신탁운용,10000
475270,204억원,"국내채권형, 일반",2024년 01월 23일,연0.050%,한국투자신탁운용,10000
475280,225억원,"국내채권형, 일반",2024년 01월 23일,연0.050%,한국투자신탁운용,10000
475300,129억원,"국내주식형, 섹터",2024년 02월 14일,연0.450%,신한자산운용,50000
475310,183억원,"국내주식형, 섹터",2024년 02월 14일,연0.450%,신한자산운용,50000
475350,123억원,"해외주식형, 테마",2024년 02월 27일,연0.350%,케이비자산운용,50000
475380,350억원,"해외상품, 부동산",2024년 02월 20일,연0.090%,케이비자산운용,50000
475630,"5,663억원","국내혼합형, 채권/상품",2024년 02월 06일,연0.050%,미래에셋자산운용,100
475720,402억원,"국내파생, 구조화",2024년 03월 05일,연0.300%,케이비자산운용,50000
476000,62억원,"국내주식형, 전략지수",2024년 02월 27일,연0.500%,현대자산운용,50000
476030,107억원,"해외주식형, 시장대표",2024년 03월 12일,연0.050%,신한자산운용,50000
476070,"1,345억원","해외주식형, 섹터",2024년 02월 14일,연0.450%,삼성자산운용,50000
476260,47억원,"국내주식형, 섹터",2024년 02월 27일,연0.450%,엔에이치아문디자산운용,50000
476310,102억원,"해외주식형, 테마",2024년 02월 27일,연0.350%,케이비자산운용,50000
476450,"3,813억원","국내채권형, 일반",2024년 02월 29일,연0.050%,키움투자자산운용,2000
476550,"2,467억원","해외채권형, 일반",2024년 02월 27일,연0.390%,미래에셋자산운용,50000
476690,494억원,"해외주식형, 테마",2024년 02월 29일,연0.450%,미래에셋자산운용,50000
476750,443억원,"해외채권형, 일반",2024년 03월 12일,연0.150%,한국투자신탁운용,100000
476760,99억원,"해외채권형, 일반",2024년 03월 12일,연0.050%,한국투자신탁운용,100000
476800,236억원,"국내상품, 부동산",2024년 03월 05일,연0.090%,삼성자산운용,50000
476810,"3,610억원","국내채권형, 일반",2024년 03월 05일,연0.090%,삼성자산운용,10000
476850,"1,189억원","국내주식형, 대표지수",2024년 02월 27일,연0.500%,삼성액티브자산운용,50000
477050,"1,530억원","국내채권형, 일반",2024년 03월 26일,연0.050%,한화자산운용,2000
477080,"2,205억원","국내채권형, 파생",2024년 03월 26일,연0.020%,케이비자산운용,1000
477490,84억원,"해외주식형, 시장대표",2024년 03월 19일,연0.990%,에셋플러스자산운용,20000
479080,"1,403억원","국내채권형, 일반",2024년 04월 02일,연0.050%,하나자산운용,2000
